[
  {
    "id": "1",
    "content": {
      "english": "Grateful for small things — my morning tea and five minutes of peace.",
      "urdu": "چھوٹی چیزوں کا شکریہ — میری صبح کی چائے اور پانچ منٹ کا سکون۔"
    },
    "mood": "calm",
    "timestamp": "2 hours ago"
  },
  {
    "id": "2",
    "content": {
      "english": "Today I felt anxious, but breathing exercises really helped me calm down.",
      "urdu": "آج صبح میں فکرمند تھی، مگر سانس لینے کی مشق نے واقعی مجھے پرسکون کر دیا۔"
    },
    "mood": "anxious",
    "timestamp": "5 hours ago"
  },
  {
    "id": "3",
    "content": {
      "english": "Sometimes it's okay not to be okay. Taking one day at a time.",
      "urdu": "کبھی کبھی ٹھیک نہ ہونا بھی ٹھیک ہے۔ ایک دن ایک وقت میں۔"
    },
    "mood": "sad",
    "timestamp": "1 day ago"
  },
  {
    "id": "4",
    "content": {
      "english": "Started journaling today. Writing down my thoughts feels liberating!",
      "urdu": "آج ڈائری لکھنا شروع کی۔ اپنے خیالات لکھنا بہت اچھا لگ رہا ہے!"
    },
    "mood": "happy",
    "timestamp": "1 day ago"
  },
  {
    "id": "5",
    "content": {
      "english": "Talked to a friend after a long time. Human connection is healing.",
      "urdu": "کافی عرصے بعد دوست سے بات کی۔ انسانی رشتہ شفا بخش ہے۔"
    },
    "mood": "happy",
    "timestamp": "2 days ago"
  },
  {
    "id": "6",
    "content": {
      "english": "Meditation helped me focus better today. Highly recommend it!",
      "urdu": "مراقبے نے آج مجھے بہتر توجہ دینے میں مدد کی۔ بہت اچھا ہے!"
    },
    "mood": "calm",
    "timestamp": "2 days ago"
  },
  {
    "id": "7",
    "content": {
      "english": "Feeling overwhelmed but I know this too shall pass. Stay strong everyone.",
      "urdu": "پریشان محسوس کر رہا ہوں لیکن یہ وقت بھی گزر جائے گا۔ سب مضبوط رہیں۔"
    },
    "mood": "anxious",
    "timestamp": "3 days ago"
  },
  {
    "id": "8",
    "content": {
      "english": "A walk in the park changed my entire mood. Nature is therapy.",
      "urdu": "پارک میں چہل قدمی نے میرا پورا موڈ بدل دیا۔ قدرت ہی علاج ہے۔"
    },
    "mood": "happy",
    "timestamp": "3 days ago"
  }
]
